Title,Company,Location,Reward,Link
"백엔드 개발자(Python, Django)",어터,경기 · 한국,합격보상금 100만원,https://www.wanted.co.kr//wd/173374
[200억↑투자] 서비스 API (Python/Django) 개발,놀이의발견,서울 · 한국,합격보상금 100만원,https://www.wanted.co.kr//wd/181923
"코박(Cobak) 백앤드 개발자[3년 이상] (Python, Django)",판도라티비,경기 · 한국,합격보상금 100만원,https://www.wanted.co.kr//wd/183789
"Django 백앤드 개발자 (3-8년차, 제주/재택근무)",제주알마켓,서울 · 한국,합격보상금 100만원,https://www.wanted.co.kr//wd/167791
Django 백엔드 개발자 (5년 이상),휴가중,서울 · 한국,합격보상금 100만원,https://www.wanted.co.kr//wd/191447
Django/React 개발자,아이넥스코퍼레이션,서울 · 한국,합격보상금 100만원,https://www.wanted.co.kr//wd/167083
백엔드 Python Django 개발자 / 핀테크,얼리페이,서울 · 한국,합격보상금 100만원,https://www.wanted.co.kr//wd/165649
Django 백엔드 개발자(3년~),휴가중,서울 · 한국,합격보상금 100만원,https://www.wanted.co.kr//wd/155160
"백엔드 개발자(Python, Django)",어터,경기 · 한국,합격보상금 100만원,https://www.wanted.co.kr//wd/173374
[200억↑투자] 서비스 API (Python/Django) 개발,놀이의발견,서울 · 한국,합격보상금 100만원,https://www.wanted.co.kr//wd/181923
"코박(Cobak) 백앤드 개발자[3년 이상] (Python, Django)",판도라티비,경기 · 한국,합격보상금 100만원,https://www.wanted.co.kr//wd/183789
"Django 백앤드 개발자 (3-8년차, 제주/재택근무)",제주알마켓,서울 · 한국,합격보상금 100만원,https://www.wanted.co.kr//wd/167791
Django 백엔드 개발자 (5년 이상),휴가중,서울 · 한국,합격보상금 100만원,https://www.wanted.co.kr//wd/191447
Django/React 개발자,아이넥스코퍼레이션,서울 · 한국,합격보상금 100만원,https://www.wanted.co.kr//wd/167083
백엔드 Python Django 개발자 / 핀테크,얼리페이,서울 · 한국,합격보상금 100만원,https://www.wanted.co.kr//wd/165649
Django 백엔드 개발자(3년~),휴가중,서울 · 한국,합격보상금 100만원,https://www.wanted.co.kr//wd/155160
Django 풀 스택 개발자 (보충역 편입/전직),오픈갤러리,서울 · 한국,합격보상금 100만원,https://www.wanted.co.kr//wd/168565
"풀스택 개발자 (vue.js, spring, django)",지엔,서울 · 한국,합격보상금 100만원,https://www.wanted.co.kr//wd/200480
백엔드 개발자 (Python/Django) - 서울,비프로컴퍼니(Bepro),서울 · 한국,합격보상금 100만원,https://www.wanted.co.kr//wd/200403
파이썬 Django 백엔드 개발자,피앤씨테크놀로지,서울 · 한국,합격보상금 100만원,https://www.wanted.co.kr//wd/164711
"웹개발자(Python, Django) 3년이상",리걸테크,서울 · 한국,합격보상금 100만원,https://www.wanted.co.kr//wd/148349
백엔드 Django 개발자 (1년 이상),인플루디오,서울 · 한국,합격보상금 100만원,https://www.wanted.co.kr//wd/180901
Python Django 기반 서버 개발,블리몽키즈,서울 · 한국,합격보상금 100만원,https://www.wanted.co.kr//wd/184372
백엔드 엔지니어 (Python/Django),뮤즈라이브(Muzlive),서울 · 한국,합격보상금 100만원,https://www.wanted.co.kr//wd/18295
Python Django 백엔드 개발자,똑똑한개발자,서울 · 한국,합격보상금 100만원,https://www.wanted.co.kr//wd/100997
[윙크] Back-end Developer (Django / Python),단비교육,서울 · 한국,합격보상금 100만원,https://www.wanted.co.kr//wd/73913
